lat,lon
34.941267,127.733266
34.938398,127.720248
34.938626,127.729541
34.932698,127.719063
34.942146,127.731413
34.938894,127.728303
34.937276,127.730673
34.94311,127.731169
34.937925,127.730299
34.942553,127.732189
34.943049,127.731891
34.943418,127.731989
