,lat,lon,household_cnt
0,34.932698,127.719063,132
1,34.937276,127.730673,60
2,34.937925,127.730299,30
3,34.938398,127.720248,336
4,34.938626,127.729541,110
5,34.938894,127.728303,60
6,34.941267,127.733266,330
7,34.942146,127.731413,54
8,34.942328,127.732321,3
9,34.942553,127.732189,3
10,34.943049,127.731891,4
11,34.94311,127.731169,48
12,34.943418,127.731989,1
